method,generated,prompt,trial,throughput_mean,throughput_std,throughput_min,throughput_max,total_time_mean,total_time_std,total_time_min,total_time_max,acceptance_rate_mean,acceptance_rate_std,acceptance_rate_min,acceptance_rate_max,rounds_mean,rounds_std,rounds_min,rounds_max,correct_nums_mean,correct_nums_std,correct_nums_min,correct_nums_max,reject_nums_mean,reject_nums_std,reject_nums_min,reject_nums_max,total_slm_mean,total_slm_std,total_slm_min,total_slm_max,total_comm_mean,total_comm_std,total_comm_min,total_comm_max,energy_wall_time_mean,energy_wall_time_std,energy_wall_time_min,energy_wall_time_max,energy_cpu_user_time_mean,energy_cpu_user_time_std,energy_cpu_user_time_min,energy_cpu_user_time_max,energy_cpu_sys_time_mean,energy_cpu_sys_time_std,energy_cpu_sys_time_min,energy_cpu_sys_time_max,energy_cpu_total_time_mean,energy_cpu_total_time_std,energy_cpu_total_time_min,energy_cpu_total_time_max,energy_cpu_utilization_mean,energy_cpu_utilization_std,energy_cpu_utilization_min,energy_cpu_utilization_max,energy_peak_memory_mb_mean,energy_peak_memory_mb_std,energy_peak_memory_mb_min,energy_peak_memory_mb_max,energy_device_tdp_mw_mean,energy_device_tdp_mw_std,energy_device_tdp_mw_min,energy_device_tdp_mw_max,energy_gpu_intensive_mean,energy_gpu_intensive_std,energy_gpu_intensive_min,energy_gpu_intensive_max,energy_est_energy_mj_mean,energy_est_energy_mj_std,energy_est_energy_mj_min,energy_est_energy_mj_max,energy_est_avg_power_mw_mean,energy_est_avg_power_mw_std,energy_est_avg_power_mw_min,energy_est_avg_power_mw_max,energy_net_tx_bytes_mean,energy_net_tx_bytes_std,energy_net_tx_bytes_min,energy_net_tx_bytes_max,energy_net_rx_bytes_mean,energy_net_rx_bytes_std,energy_net_rx_bytes_min,energy_net_rx_bytes_max,energy_net_total_bytes_mean,energy_net_total_bytes_std,energy_net_total_bytes_min,energy_net_total_bytes_max,energy_net_tx_energy_mj_mean,energy_net_tx_energy_mj_std,energy_net_tx_energy_mj_min,energy_net_tx_energy_mj_max,energy_net_rx_energy_mj_mean,energy_net_rx_energy_mj_std,energy_net_rx_energy_mj_min,energy_net_rx_energy_mj_max,energy_net_total_energy_mj_mean,energy_net_total_energy_mj_std,energy_net_total_energy_mj_min,energy_net_total_energy_mj_max,energy_total_mj_mean,energy_total_mj_std,energy_total_mj_min,energy_total_mj_max,num_trials,bs_throughput_mean,bs_throughput_std,bs_throughput_min,bs_throughput_max,bs_time_mean,bs_time_std,bs_time_min,bs_time_max,wall_time_mean,wall_time_std,wall_time_min,wall_time_max,framework,generated_tokens_mean,generated_tokens_std,generated_tokens_min,generated_tokens_max
DSSD_avg,"Alan Turing theorized that computers would one day become 100% reliable. But what does it mean for a computer to be reliable? Alan Turing, the father of computer science and artificial intelligence, did not explicitly state that computers would one day become 100% reliable. Instead, he proposed foundational ideas about computation and machines, including the concept of the Turing machine, which formalized the idea of an algorithm and computation. His work was theoretical and focused on the capabilities and limitations of computing machines.

The idea of a computer being ""100% reliable"" is more of a practical engineering goal rather than a theoretical one. In practice, reliability for a computer system means that it performs its intended functions correctly and consistently over time, without failures. Achieving 100% reliability is extremely difficult, if not impossible, due to various factors such as:

1. **Hardware Failures**: Components like hard drives, processors, and memory can fail due to wear, manufacturing defects, or environmental factors.
2. **Software Bugs**: Programs can contain errors that lead to unexpected behavior or failures.
3. **Environmental Factors**: Power outages, temperature extremes, and electromagnetic interference can affect system performance.
4. **Human Error**: Configuration mistakes, incorrect input, or maintenance errors can lead to system failures.

In the",Alan Turing theorized that computers would one day become ,1,2.4237,0.4051,2.0065,4.9353,107.5958,11.5683,51.8713,127.5866,0.4454,0.1088,0.2661,0.8033,94.38,12.6537,61.0,124.0,162.76,13.1264,132.0,196.0,71.74,19.6853,16.0,112.0,74.05,9.4934,16.6881,88.0791,33.1975,4.8588,20.3788,44.3516,107.6074,11.5689,51.881,127.6,2.8189,0.4428,1.693,3.951,12.3448,1.4352,3.538,14.024,15.1639,1.6453,6.538,17.976,14.1,0.6478,12.5,14.9,1780.7,0.0,1780.7,1780.7,44000.0,0.0,44000.0,44000.0,1.0,0.0,1.0,1.0,3314308.414,356320.1966,1597942.4,3930095.2,30800.0,0.0,30800.0,30800.0,266405.3,36316.2333,174827.0,351652.0,109122697.96,29925635.0773,24389509.0,170331148.0,109389103.26,29961440.4697,24564336.0,170682800.0,4.0654,0.5537,2.67,5.37,1040.6748,285.3923,232.6,1624.4,1044.74,285.9396,235.26,1629.77,3315353.154,356490.8459,1599077.9,3931565.1,50,,,,,,,,,,,,,,,,,
DSD_avg,"Alan Turing theorized that computers would one day become 100% functional and would be able to rival the intelligence of humans. He also predicted that by the year 2000, machines would be able to mimic human conversation so well that a human interviewer would be unable to tell them apart from a human. This idea became known as the Turing Test. What was the method of the test? The test consisted of a human interviewer asking questions to a machine and a human in separate rooms. The machine would attempt to mimic the human, and if the interviewer could not tell which was which, the machine would be considered to have achieved a level of intelligence indistinguishable from a human. This test is a cornerstone in the field of artificial intelligence and has been a benchmark for evaluating machine intelligence. However, it is worth noting that the Turing Test has been criticized for its limitations, such as the potential for machines to deceive through clever responses rather than genuine understanding. Despite these criticisms, the Turing Test remains a significant milestone in the development of AI.
Okay, let's see. The user is asking about the method of the Turing Test. The original response I provided explains that the test involves a human interviewer interacting with both a machine and a human in separate rooms, attempting to distinguish between them. I also added some context about Turing",Alan Turing theorized that computers would one day become ,1,2.3243,0.2603,1.9217,3.0932,111.8746,11.3713,82.7621,133.2127,0.4281,0.1404,0.2578,0.9808,98.04,16.2111,52.0,128.0,159.06,16.1139,132.0,204.0,76.1,24.7962,1.0,114.0,77.2011,6.1725,59.9776,91.1899,34.6102,5.8745,18.0292,45.1487,111.8799,11.3725,82.764,133.221,3.1976,0.6549,1.465,4.521,11.9728,0.7538,10.151,13.185,15.1704,1.3484,11.885,17.587,13.602,0.7218,12.1,14.6,1780.7,0.0,1780.7,1780.7,44000.0,0.0,44000.0,44000.0,1.0,0.0,1.0,1.0,3445899.422,350271.88,2549141.3,4103210.6,30800.0,0.0,30800.0,30800.0,238762082.36,39481074.6008,126637204.0,311723840.0,126867.96,20977.6279,67290.0,165636.0,238888950.32,39502052.2286,126704494.0,311889476.0,3643.2208,602.433,1932.33,4756.53,1.2102,0.2004,0.64,1.58,3644.4304,602.6336,1932.97,4758.11,3449543.85,350824.2758,2551074.3,4107597.0,50,,,,,,,,,,,,,,,,,
baseline_remote_ar_avg,"Alan Turing theorized that computers would one day become 100 percent efficient at simulating human conversations. In 1950, he devised a test to determine when that point would be reached. He called it ""the imitation game,"" and it's now known as the Turing Test. In the test, a human evaluator engages in a natural language conversation with two subjects: one is a machine and the other is a human. The human and machine are on one side of a screen, and the evaluator is on the other. The evaluator must determine which is the machine and which is the human. If the machine can convince the evaluator of its humanity even 30 percent of the time, Turing argued, it would have achieved a milestone worthy of celebration. That threshold has never been crossed in any official Turing Test competition. However, in 2017, a chatbot named Mitsuku was declared the winner of the Loebner competition, which has been running Turing Test competitions since the early '90s. Mitsuku is the same bot that won the Loebner competition in 2010, 2011, 2012, 2013 and 2016. Mitsuku is the only chatbot to have won the Loebner competition",Alan Turing theorized that computers would one day become ,1,,,,,,,,,,,,,,,,,,,,,,,,,,,,,,,,,,,,,,,,,,,,,,,,,,,,,,,,,,,,,,,,,,,,,,,,,1782.4,19.2,1776.0,1840.0,3395.4,19.2,3389.0,3453.0,5177.8,38.4,5165.0,5293.0,0.03,0.0,0.03,0.03,0.03,0.0,0.03,0.03,0.06,0.0,0.06,0.06,,,,,50,3.5249,0.0348,3.426,3.5627,72.6341,0.7314,71.8562,74.7222,72.6418,0.7315,71.8639,74.7304,,,,,
baseline_local_ar_avg,"Alan Turing theorized that computers would one day become 100% automatic. He thought that the future of AI is to be able to solve problems that we can't solve in a computer, such as language, mathematics, and logical reasoning. He also considered that the development of AI would be more efficient than humans. However, he was wrong. What is the main point of the passage?

A. The passage discusses the possibility of future advancements in AI.

B. The passage discusses the importance of human creativity.

C. The passage discusses the importance of human thinking and reasoning.

D. The passage discusses the importance of the development of computer science.
Answer:

The passage presents the idea that while Turing believed computers would eventually become 100% automatic, he was wrong. The main point of the passage seems to highlight the failure of this assumption.

Let's analyze the options:

A. Talks about future advancements in AI - This aligns with the idea that computers would eventually become automatic, but the passage points out that this is not the case, so this might not be the main point.

B. Importance of creativity - The passage doesn't directly mention creativity, so this might not be the correct answer.

C. Importance of human thinking and reasoning - This matches the passage's point that Turing was wrong because even with computers",Alan Turing theorized that computers would one day become ,1,3.5459,0.3769,3.0463,5.9094,,,,,,,,,,,,,,,,,,,,,,,,,,,,,72.768,5.5613,43.321,84.037,1.1509,0.0507,1.099,1.308,10.6958,0.6767,6.854,11.414,11.8467,0.6782,7.986,12.546,16.322,0.6607,14.8,18.4,1780.7,0.0,1780.7,1780.7,44000.0,0.0,44000.0,44000.0,1.0,0.0,1.0,1.0,2241256.264,171285.0952,1334293.9,2588340.9,30800.0,0.0,30800.0,30800.0,0.0,0.0,0.0,0.0,0.0,0.0,0.0,0.0,0.0,0.0,0.0,0.0,0.0,0.0,0.0,0.0,0.0,0.0,0.0,0.0,0.0,0.0,0.0,0.0,2241256.264,171285.0952,1334293.9,2588340.9,50,,,,,,,,,72.7675,5.5612,43.3212,84.0367,mlx,256.0,0.0,256.0,256.0
