method,generated,throughput,total_time,acceptance_rate,rounds,correct_nums,reject_nums,total_slm,total_comm
DSSD,"Alan Turing theorized that computers would one day become 20 times faster than they are now. If the current speed of a computer is 2 GHz, what would be the speed of the computer according to Turing's theory?

To solve this problem, we need to determine the speed of a computer if it were to become 20 times faster than its current speed. The current speed is given as 2 GHz. 

First, we can understand",3.7852971965482425,21.134403944015503,0.4396551724137931,29,51,24,16.221293449401855,4.801350831985474
DSD,"Alan Turing theorized that computers would one day become 20 times more powerful than humans. But in 1950, he proposed a test for machine intelligence, now known as the Turing Test, which is still used today. Which of the following is NOT a key component of the Turing Test?
A. A human judge communicates with two entities, one human and one machine, through a computer.
B. The machine must be able to im",4.5673742666197965,17.515534162521362,0.375,32,48,27,13.42808198928833,4.048465013504028
DSSD,"Alan Turing theorized that computers would one day become 20 times faster than they are now. How many times faster would computers be than they are now if Turing's theory is correct?

To solve this problem, we need to understand what Alan Turing's theory meant. According to the problem, Turing theorized that computers would one day become 20 times faster than they are now. The question is asking how many times faster computers would be than they",4.703947618823651,17.00699210166931,0.55,25,55,17,12.857051372528076,4.0603156089782715,,,
DSD,"Alan Turing theorized that computers would one day become 20 times more powerful than humans. Is this statement true, false, or cannot be determined? Also, what was the context of Alan Turing's original statement about computers?

The statement that Alan Turing theorized computers would one day become 20 times more powerful than humans is **false**. This specific figure of 20 times more powerful is not supported by historical records of Turing's work",4.095082505562657,19.53562593460083,0.32142857142857145,35,45,33,14.899711847305298,4.5956761837005615,,,
baseline_ar,"Alan Turing theorized that computers would one day become 100% accurate and that it was just a matter of time before machines could think like humans. What was his reasoning behind this theory?

Alan Turing's reasoning for his theory that computers could eventually become 100% accurate and think like humans was rooted in his work on the concept of computation and the human mind. Here's a breakdown of his key ideas:

1. **The Turing",,,,,,,,,13.12608926282979,6.094732284545898,6.099061012268066
DSSD,"Alan Turing theorized that computers would one day become 400 times faster than the human brain. According to his model, the speed of a computer can be modeled by the function $ S(t) = 100 \cdot 2^{t/2} $, where $ S(t) $ represents the speed in millions of operations per second and $ t $ is the number of years since 1940. Assuming his model",7.876214191021062,10.157164096832275,0.5576923076923077,26,58,18,2.4412896633148193,7.617971420288086,,,
DSD,"Alan Turing theorized that computers would one day become 1000 times better at everything they do every five years. He was right.
About 1000 times better in the next five years? That seems impossible. But maybe it's not.
The problem is that we're thinking the wrong way, in terms of linear progress. Moore's Law, after all, is the idea that computing power doubles every two years or so. That",6.002060035604418,13.328757047653198,0.2905405405405405,37,43,34,3.2160086631774902,10.093389749526978,,,
baseline_ar,"Alan Turing theorized that computers would one day become 100% reliable and never make mistakes. In 1947, he wrote, “The idea of a computer making a mistake is a quite absurd one.” But as AI grows in power, can we trust the code that powers it?
The answer is a complicated one. AI systems are often trained on large datasets, and they can make errors for a variety of reasons. For example",,,,,,,,,4.561526683656324,17.53798794746399,17.54246997833252
